code,system
H061.,ctv3
Hyu11,ctv3
H06z.,ctv3
H061z,ctv3
H0616,ctv3
H06..,ctv3
X101l,ctv3
H312300,ctv3
Hyu1100,ctv3
H06z.00,ctv3
H061z00,ctv3
SP08B00,ctv3
H061600,ctv3
Hyu11,ctv3
H06..,ctv3
H06z.,ctv3
X101l,ctv3
H061z,ctv3
H0616,ctv3
H061.,ctv3
H312300,ctv3
Hyu1100,ctv3
H06z.00,ctv3
H061z00,ctv3
H061600,ctv3
X100C,ctv3
X100C,ctv3
H0612,ctv3
H061200,ctv3
H0612,ctv3
H061200,ctv3
X102z,ctv3
X102z,ctv3
H0613,ctv3
H061300,ctv3
H0613,ctv3
H0611,ctv3
H464100,ctv3
H0611,ctv3
H0610,ctv3
H0610,ctv3
X100D,ctv3
H0615,ctv3
H061500,ctv3
X100D,ctv3
H0615,ctv3
H061500,ctv3
XaYYt,ctv3
H061700,ctv3
XaYYt,ctv3
H061700,ctv3
H58y500,ctv3
H564.00,ctv3
H564.00,ctv3